{"data_time": 0.001067423727363348, "iteration": 4, "loss_ce": 4.819212913513184, "loss_dice": 0.7363379001617432, "loss_dice_0": 0.7299562692642212, "loss_dice_1": 0.7449484467506409, "loss_dice_2": 0.7259862422943115, "loss_mask": 0.5606324076652527, "loss_mask_0": 0.5661720633506775, "loss_mask_1": 0.5677465200424194, "loss_mask_2": 0.5475379228591919, "lr": 0.0001, "rank_data_time": 0.001067423727363348, "time": 0.7925481200218201, "total_loss": 9.887582540512085}
{"eta_seconds": 787.7928313016891, "iteration": 5}
{"data_time": 0.0022822455503046513, "eta_seconds": 555.1849172916263, "iteration": 19, "loss_ce": 5.24308443069458, "loss_dice": 0.9566731452941895, "loss_dice_0": 0.9549371004104614, "loss_dice_1": 0.9736087322235107, "loss_dice_2": 0.9630855321884155, "loss_mask": 0.8121753334999084, "loss_mask_0": 0.7730417847633362, "loss_mask_1": 0.7733605206012726, "loss_mask_2": 0.7945513129234314, "lr": 0.0001, "rank_data_time": 0.0022822455503046513, "time": 0.5665152217261493, "total_loss": 12.88673985004425}
{"data_time": 0.002689003711566329, "eta_seconds": 550.113250091672, "iteration": 39, "loss_ce": 2.0794910192489624, "loss_dice": 1.7946444749832153, "loss_dice_0": 1.777011215686798, "loss_dice_1": 1.7879422903060913, "loss_dice_2": 1.7718141078948975, "loss_mask": 0.9414797425270081, "loss_mask_0": 0.881459653377533, "loss_mask_1": 0.9087024629116058, "loss_mask_2": 0.9110164940357208, "lr": 0.0001, "rank_data_time": 0.002689003711566329, "time": 0.5768480310216546, "total_loss": 13.575733840465546}
{"data_time": 0.0025937084574252367, "eta_seconds": 541.9136081077158, "iteration": 59, "loss_ce": 1.2858036160469055, "loss_dice": 1.9601141214370728, "loss_dice_0": 1.9159623384475708, "loss_dice_1": 1.9046407341957092, "loss_dice_2": 1.8901728987693787, "loss_mask": 1.1224146783351898, "loss_mask_0": 1.1233059167861938, "loss_mask_1": 1.1315882205963135, "loss_mask_2": 1.1187275648117065, "lr": 0.0001, "rank_data_time": 0.0025937084574252367, "time": 0.5783393315505236, "total_loss": 12.912822157144547}
{"data_time": 0.002475559478625655, "eta_seconds": 530.3124378249049, "iteration": 79, "loss_ce": 0.4034082293510437, "loss_dice": 1.3789454698562622, "loss_dice_0": 1.3848415613174438, "loss_dice_1": 1.3693225383758545, "loss_dice_2": 1.3684905767440796, "loss_mask": 0.8104836344718933, "loss_mask_0": 0.8130363523960114, "loss_mask_1": 0.8017912209033966, "loss_mask_2": 0.8015833497047424, "lr": 0.0001, "rank_data_time": 0.002475559478625655, "time": 0.5764265628531575, "total_loss": 8.861890465021133}
{"data_time": 0.0026292488910257816, "eta_seconds": 518.9880528487265, "iteration": 99, "loss_ce": 0.27573347091674805, "loss_dice": 1.4815609455108643, "loss_dice_0": 1.4601349830627441, "loss_dice_1": 1.4560126066207886, "loss_dice_2": 1.4483507871627808, "loss_mask": 0.8005896210670471, "loss_mask_0": 0.8101524114608765, "loss_mask_1": 0.8053518235683441, "loss_mask_2": 0.7906256020069122, "lr": 0.0001, "rank_data_time": 0.0026292488910257816, "time": 0.5772394330706447, "total_loss": 10.182551376521587}
{"data_time": 0.0025808941572904587, "iteration": 102, "loss_ce": 0.2369643896818161, "loss_dice": 1.4183756709098816, "loss_dice_0": 1.4041451811790466, "loss_dice_1": 1.4318334460258484, "loss_dice_2": 1.411650002002716, "loss_mask": 0.9563360512256622, "loss_mask_0": 0.9589216113090515, "loss_mask_1": 0.9535956382751465, "loss_mask_2": 0.9487398564815521, "lr": 0.0001, "rank_data_time": 0.0025808941572904587, "time": 0.574646944180131, "total_loss": 10.182551376521587}
{"eta_seconds": 516.6404023766518, "iteration": 103}
