{"train/loss_dice_4":3.199817657470703,"train/loss_dice_8":3.374009132385254,"lr":1e-05,"train/loss_dice_0":3.662734031677246,"train/total_loss":394.497770011425,"_wandb":{"runtime":9},"train/loss_dice_2":3.4290199279785156,"train/1_loss_ce_7":30.91112518310547,"train/1_loss_ce_5":30.73219871520996,"train/loss_mask_2":3.796196460723877,"_timestamp":1.748357013107129e+09,"train/loss_mask_0":3.508190155029297,"train/loss_ce_1":2.292640209197998,"train/loss_mask_7":3.748352527618408,"train/loss_ce_8":0.8476117849349976,"train/loss_mask_5":3.8308098316192627,"train/loss_dice_6":3.167391300201416,"train/loss_mask_1":3.2909371852874756,"train/1_loss_ce_1":30.741455078125,"train/1_loss_ce_8":30.794540405273438,"train/loss_ce_2":1.1236560344696045,"train/loss_mask_3":3.799571990966797,"train/loss_dice_3":3.072835922241211,"train/loss_ce_5":1.7272729873657227,"_step":1,"train/1_loss_ce":30.75626564025879,"train/loss_dice":3.2970194816589355,"train/loss_ce_7":2.251835346221924,"train/loss_mask_6":4.005823612213135,"train/loss_ce_3":1.3211158514022827,"data_time":0.17276240698993206,"train/loss_ce_6":0.8011586666107178,"train/1_loss_ce_6":30.81261444091797,"train/1_loss_ce_0":30.80465316772461,"_runtime":9.01583135,"train/loss_dice_5":3.1898155212402344,"rank_data_time":0.17276240698993206,"train/loss_mask":4.196008205413818,"train/loss_ce_0":3.4483938217163086,"train/mse_ssc_loss_1":0,"train/loss_ce_4":1.1404852867126465,"train/loss_mask_4":3.914980888366699,"train/loss_mask_8":3.856051445007324,"train/1_loss_ce_4":30.82748794555664,"train/1_loss_ce_2":30.791248321533203,"train/1_loss_ce_3":30.81682586669922,"train/loss_dice_1":3.157593011856079,"train/loss_ce":0.7221524119377136,"train/loss_dice_7":3.335874557495117}