{"train/loss_dice":0.3200114965438843,"time":0.2977576977573335,"_wandb":{"runtime":54},"data_time":0.0011768126860260963,"train/loss_ce_0":1.3138031959533691,"train/loss_ce_4":1.1584970951080322,"train/loss_mask_0":0.34888172149658203,"train/loss_ce_2":1.1601860523223877,"train/loss_mask_1":0.6368612051010132,"train/loss_mask_4":0.5041215419769287,"train/loss_dice_2":0.36170586943626404,"train/loss_dice_4":0.31296512484550476,"train/loss_dice_0":0.41471701860427856,"train/loss_ce":1.173108458518982,"train/loss_mask_2":0.4428856372833252,"train/loss_mask_3":0.4699639081954956,"eta_seconds":175.41681706812233,"rank_data_time":0.0011768126860260963,"train/total_loss":12.41634601354599,"_timestamp":1.7482726856935248e+09,"_runtime":54.680266099,"_step":205,"train/loss_ce_3":1.1155223846435547,"train/loss_dice_1":0.4458669424057007,"lr":1.1075502217315825e-07,"train/loss_ce_1":1.3037587404251099,"train/loss_dice_3":0.3804418444633484,"train/loss_mask":0.553047776222229}