{"train/loss_mask":0.28065118193626404,"train/total_loss":5.030641064047813,"train/loss_dice":0.0898178219795227,"train/loss_ce":0.5534759759902954,"train/loss_ce_4":0.5252920389175415,"eta_seconds":0,"train/loss_mask_0":0.19624444842338562,"train/loss_mask_1":0.25503304600715637,"train/loss_ce_1":0.6228767037391663,"train/loss_ce_3":0.4166645407676697,"_wandb":{"runtime":253},"train/loss_dice_4":0.09714663028717041,"rank_data_time":0.0010665440931916237,"train/loss_mask_3":0.20651733875274658,"train/loss_ce_2":0.4721870422363281,"train/loss_dice_1":0.12380880117416382,"train/loss_ce_0":0.4753039479255676,"train/loss_mask_4":0.21773338317871094,"lr":1.328845368186888e-09,"_timestamp":1.74829471799889e+09,"data_time":0.0010665440931916237,"train/loss_dice_2":0.10309046506881714,"train/loss_dice_0":0.1049991250038147,"_runtime":253.025853045,"_step":999,"train/loss_dice_3":0.09801161289215088,"train/loss_mask_2":0.1917869597673416,"time":0.2891105539165437}