{"train/loss_dice_3":1.307288646697998,"train/1_loss_ce_6":26.079143524169922,"train/1_loss_ce_0":26.07382583618164,"train/loss_dice_6":1.7891528606414795,"train/loss_mask_0":2.900491237640381,"train/loss_mask_3":2.6495659351348877,"train/loss_mask_1":2.7178053855895996,"_timestamp":1.7483625675441284e+09,"train/loss_ce_5":1.908249855041504,"train/loss_ce_1":2.638727903366089,"train/1_loss_ce_5":26.006938934326172,"_wandb":{"runtime":8},"train/1_loss_ce_4":26.000648498535156,"train/mse_ssc_loss_1":0,"train/loss_mask_5":4.009759902954102,"train/1_loss_ce_7":26.074283599853516,"train/1_loss_ce":26.005718231201172,"train/loss_mask_8":3.559393882751465,"train/1_loss_ce_1":26.10466766357422,"train/loss_dice_7":1.7241885662078857,"train/loss_dice_8":1.76788330078125,"train/1_loss_ce_8":26.100242614746094,"train/loss_ce_2":0.3802354335784912,"train/loss_dice":1.8819820880889893,"train/loss_mask_7":3.4597561359405518,"_runtime":8.980922789,"train/loss_ce":0.5907200574874878,"data_time":0.18290760274976492,"train/loss_mask_6":3.5579724311828613,"rank_data_time":0.18290760274976492,"train/loss_ce_8":0.6421561241149902,"train/loss_dice_2":1.6291624307632446,"train/loss_dice_4":1.6689950227737427,"train/loss_dice_1":1.4863076210021973,"train/loss_ce_0":0.836830735206604,"train/loss_dice_0":1.5167832374572754,"train/loss_ce_6":0.5878599882125854,"train/loss_ce_7":0.665457010269165,"train/loss_dice_5":1.9467097520828247,"_step":1,"train/1_loss_ce_3":26.041439056396484,"train/loss_ce_4":1.0797419548034668,"train/loss_mask":3.6946465969085693,"train/1_loss_ce_2":26.20037078857422,"train/loss_mask_2":3.088627815246582,"train/total_loss":322.5367157459259,"lr":1e-05,"train/loss_mask_4":3.0906004905700684,"train/loss_ce_3":3.0723845958709717}