{"data_time": 0.0013220974942669272, "eta_seconds": 20638.401553913718, "iteration": 19, "lr": 0.0001, "rank_data_time": 0.0013220974942669272, "time": 0.0697957759257406, "total_loss": 1.180859386920929}
{"data_time": 0.001571710454300046, "eta_seconds": 20670.136102672666, "iteration": 39, "lr": 0.0001, "rank_data_time": 0.001571710454300046, "time": 0.07000793947372586, "total_loss": 0.069976806640625}
{"data_time": 0.0016398903680965304, "iteration": 49, "lr": 0.0001, "rank_data_time": 0.0016398903680965304, "time": 0.07041899766772985, "total_loss": 0.04987359046936035}
{"eta_seconds": 20706.60004467005, "iteration": 50}
{"data_time": 0.0013170719612389803, "eta_seconds": 20716.66178599943, "iteration": 19, "lr": 0.0001, "rank_data_time": 0.0013170719612389803, "time": 0.07006043952424079, "total_loss": 0.940185546875}
{"data_time": 0.0018241991056129336, "eta_seconds": 20607.252856371808, "iteration": 19, "lr": 0.0001, "rank_data_time": 0.0018241991056129336, "time": 0.06969043600838631, "total_loss": 1.9072265625}
{"data_time": 0.0016616645734757185, "eta_seconds": 20594.965005513746, "iteration": 39, "lr": 0.0001, "rank_data_time": 0.0016616645734757185, "time": 0.06953632656950504, "total_loss": 0.13983154296875}
{"data_time": 0.0016509349225088954, "eta_seconds": 20496.361959800706, "iteration": 59, "lr": 0.0001, "rank_data_time": 0.0016509349225088954, "time": 0.06862050807103515, "total_loss": 0.0604400634765625}
{"data_time": 0.0020878970390185714, "eta_seconds": 20494.97546383005, "iteration": 79, "lr": 0.0001, "rank_data_time": 0.0020878970390185714, "time": 0.0692811484914273, "total_loss": 0.012999852653592825}
{"data_time": 0.0016883598873391747, "eta_seconds": 20510.141890782164, "iteration": 99, "lr": 0.0001, "rank_data_time": 0.0016883598873391747, "time": 0.07013928354717791, "total_loss": 0.02184219378978014}
{"data_time": 0.0017411246662959456, "eta_seconds": 20611.377697389922, "iteration": 119, "lr": 0.0001, "rank_data_time": 0.0017411246662959456, "time": 0.07047805597539991, "total_loss": 0.01885943952947855}
{"data_time": 0.0018491940572857857, "eta_seconds": 20662.437443953473, "iteration": 139, "lr": 0.0001, "rank_data_time": 0.0018491940572857857, "time": 0.07033201749436557, "total_loss": 0.009944915771484375}
{"data_time": 0.0017652094829827547, "eta_seconds": 20661.03933534259, "iteration": 159, "lr": 0.0001, "rank_data_time": 0.0017652094829827547, "time": 0.0699597051134333, "total_loss": 0.01084136962890625}
{"data_time": 0.0018670785939320922, "eta_seconds": 20654.591668559704, "iteration": 179, "lr": 0.0001, "rank_data_time": 0.0018670785939320922, "time": 0.06941331212874502, "total_loss": 0.0030433654319494963}
{"data_time": 0.0017069944879040122, "eta_seconds": 20605.799460074282, "iteration": 199, "lr": 0.0001, "rank_data_time": 0.0017069944879040122, "time": 0.06941455253399909, "total_loss": 0.0024929046630859375}
{"data_time": 0.0017227295320481062, "eta_seconds": 20600.06670343154, "iteration": 219, "lr": 0.0001, "rank_data_time": 0.0017227295320481062, "time": 0.06949133728630841, "total_loss": 0.0014322996139526367}
{"data_time": 0.0016626345459371805, "eta_seconds": 20586.34400459577, "iteration": 239, "lr": 0.0001, "rank_data_time": 0.0016626345459371805, "time": 0.06920581951271743, "total_loss": 0.004707717802375555}
{"data_time": 0.0015927660278975964, "eta_seconds": 20581.363856292213, "iteration": 259, "lr": 0.0001, "rank_data_time": 0.0015927660278975964, "time": 0.0693330829963088, "total_loss": 0.0024900436401367188}
{"data_time": 0.0019513336010277271, "eta_seconds": 20576.68675225298, "iteration": 279, "lr": 0.0001, "rank_data_time": 0.0019513336010277271, "time": 0.06941393238957971, "total_loss": 0.0026190622011199594}
{"data_time": 0.0015876799589022994, "eta_seconds": 20556.102161746123, "iteration": 299, "lr": 0.0001, "rank_data_time": 0.0015876799589022994, "time": 0.06911287957336754, "total_loss": 0.0034013475524261594}
{"data_time": 0.0016340503934770823, "eta_seconds": 20531.256104009226, "iteration": 319, "lr": 0.0001, "rank_data_time": 0.0016340503934770823, "time": 0.06920414895284921, "total_loss": 0.001712799072265625}
{"data_time": 0.0018364490242674947, "eta_seconds": 20528.91032370727, "iteration": 339, "lr": 0.0001, "rank_data_time": 0.0018364490242674947, "time": 0.06935618259012699, "total_loss": 0.0012864218442700803}
{"data_time": 0.0018460340797901154, "eta_seconds": 20528.475946309045, "iteration": 359, "lr": 0.0001, "rank_data_time": 0.0018460340797901154, "time": 0.06977365096099675, "total_loss": 0.0034437179565429688}
{"data_time": 0.0017919589299708605, "eta_seconds": 20530.69619208097, "iteration": 379, "lr": 0.0001, "rank_data_time": 0.0017919589299708605, "time": 0.06953189650084823, "total_loss": 0.0008736133459024131}
{"data_time": 0.0018190989503636956, "eta_seconds": 20525.695788608864, "iteration": 399, "lr": 0.0001, "rank_data_time": 0.0018190989503636956, "time": 0.0691398000344634, "total_loss": 0.0010304450988769531}
{"data_time": 0.0017624994507059455, "eta_seconds": 20518.340424298658, "iteration": 419, "lr": 0.0001, "rank_data_time": 0.0017624994507059455, "time": 0.06883949658367783, "total_loss": 0.0012297153589315712}
{"data_time": 0.0016626649303361773, "eta_seconds": 20507.21296235267, "iteration": 439, "lr": 0.0001, "rank_data_time": 0.0016626649303361773, "time": 0.0689777354709804, "total_loss": 0.0018777847290039062}
{"data_time": 0.0017218500142917037, "eta_seconds": 20503.254916652455, "iteration": 459, "lr": 0.0001, "rank_data_time": 0.0017218500142917037, "time": 0.06923455896321684, "total_loss": 0.001150798809248954}
{"data_time": 0.0021593524143099785, "eta_seconds": 20504.434931830503, "iteration": 479, "lr": 0.0001, "rank_data_time": 0.0021593524143099785, "time": 0.06964610645081848, "total_loss": 0.0009653091547079384}
{"data_time": 0.002004683017730713, "eta_seconds": 20501.414546690416, "iteration": 499, "lr": 0.0001, "rank_data_time": 0.002004683017730713, "time": 0.06925081950612366, "total_loss": 0.001393604266922921}
{"data_time": 0.00166703958529979, "eta_seconds": 20496.180697521195, "iteration": 519, "lr": 0.0001, "rank_data_time": 0.00166703958529979, "time": 0.0688366104150191, "total_loss": 0.0009211301803588867}
{"data_time": 0.0017609845381230116, "eta_seconds": 20495.12410416163, "iteration": 539, "lr": 0.0001, "rank_data_time": 0.0017609845381230116, "time": 0.06957783142570406, "total_loss": 0.001431965851224959}
{"data_time": 0.001636090106330812, "eta_seconds": 20492.432510355487, "iteration": 559, "lr": 0.0001, "rank_data_time": 0.001636090106330812, "time": 0.06869348196778446, "total_loss": 0.0018199814949184656}
{"data_time": 0.0016584200784564018, "eta_seconds": 20489.886944823666, "iteration": 579, "lr": 0.0001, "rank_data_time": 0.0016584200784564018, "time": 0.0691810444695875, "total_loss": 0.0005111013015266508}
{"data_time": 0.001663925009779632, "eta_seconds": 20484.667872530175, "iteration": 599, "lr": 0.0001, "rank_data_time": 0.001663925009779632, "time": 0.06877830089069903, "total_loss": 0.0006592273712158203}
{"data_time": 0.001729069510474801, "eta_seconds": 20477.674223598908, "iteration": 619, "lr": 0.0001, "rank_data_time": 0.001729069510474801, "time": 0.06881328602321446, "total_loss": 0.0007659859256818891}
{"data_time": 0.0017598544945940375, "eta_seconds": 20478.29290192842, "iteration": 639, "lr": 0.0001, "rank_data_time": 0.0017598544945940375, "time": 0.06958294194191694, "total_loss": 0.0006430864305002615}
{"data_time": 0.0018570739775896072, "eta_seconds": 20476.904905378236, "iteration": 659, "lr": 0.0001, "rank_data_time": 0.0018570739775896072, "time": 0.06976646045222878, "total_loss": 0.0011219978332519531}
{"data_time": 0.0019445024663582444, "eta_seconds": 20480.851211536443, "iteration": 679, "lr": 0.0001, "rank_data_time": 0.0019445024663582444, "time": 0.06992278003599495, "total_loss": 0.0006318886880762875}
{"data_time": 0.001806274987757206,