{"data_time": 0.0011718180030584335, "eta_seconds": 199.3608984677121, "iteration": 19, "loss_ce": 1.1310098469257355, "loss_ce_0": 1.1731009483337402, "loss_ce_1": 1.0944477319717407, "loss_ce_2": 1.0773953199386597, "loss_ce_3": 1.1247060298919678, "loss_ce_4": 1.1470515429973602, "loss_dice": 0.22908246517181396, "loss_dice_0": 0.30321530997753143, "loss_dice_1": 0.30729544162750244, "loss_dice_2": 0.2529528737068176, "loss_dice_3": 0.25488945841789246, "loss_dice_4": 0.25558724999427795, "loss_mask": 0.2922332435846329, "loss_mask_0": 0.3312623202800751, "loss_mask_1": 0.34646175801754, "loss_mask_2": 0.3310854583978653, "loss_mask_3": 0.2828555852174759, "loss_mask_4": 0.32696633040905, "lr": 1.2450829882446765e-08, "rank_data_time": 0.0011718180030584335, "time": 0.2034294882323593, "total_loss": 10.442144418135285}
{"data_time": 0.0016237404197454453, "eta_seconds": 204.79896001517773, "iteration": 39, "loss_ce": 0.7843093574047089, "loss_ce_0": 0.6646470427513123, "loss_ce_1": 0.6936769783496857, "loss_ce_2": 0.6624792814254761, "loss_ce_3": 0.6778548955917358, "loss_ce_4": 0.7332960367202759, "loss_dice": 0.20183885097503662, "loss_dice_0": 0.214412122964859, "loss_dice_1": 0.22829768061637878, "loss_dice_2": 0.2171064019203186, "loss_dice_3": 0.1963529884815216, "loss_dice_4": 0.2181643843650818, "loss_mask": 0.3449138253927231, "loss_mask_0": 0.30543117225170135, "loss_mask_1": 0.3043629378080368, "loss_mask_2": 0.3138321191072464, "loss_mask_3": 0.3490428030490875, "loss_mask_4": 0.3394133150577545, "lr": 2.5086534193121042e-08, "rank_data_time": 0.0016237404197454453, "time": 0.23166078212670982, "total_loss": 8.256360471248627}
{"data_time": 0.0013402474578469992, "eta_seconds": 200.53231501486152, "iteration": 59, "loss_ce": 1.2677814364433289, "loss_ce_0": 1.3211393356323242, "loss_ce_1": 1.201310396194458, "loss_ce_2": 1.1487970352172852, "loss_ce_3": 1.2904221415519714, "loss_ce_4": 1.2448033690452576, "loss_dice": 0.35991448163986206, "loss_dice_0": 0.34536904096603394, "loss_dice_1": 0.41181620955467224, "loss_dice_2": 0.3524864614009857, "loss_dice_3": 0.38978804647922516, "loss_dice_4": 0.3740035742521286, "loss_mask": 0.3592129051685333, "loss_mask_0": 0.3930645287036896, "loss_mask_1": 0.41072607040405273, "loss_mask_2": 0.34336067736148834, "loss_mask_3": 0.3317970484495163, "loss_mask_4": 0.3461655378341675, "lr": 3.7239343887706987e-08, "rank_data_time": 0.0013402474578469992, "time": 0.20270404149778187, "total_loss": 11.685749642550945}
{"data_time": 0.0013115119654685259, "eta_seconds": 199.11575254052877, "iteration": 79, "loss_ce": 0.7496638894081116, "loss_ce_0": 0.7774489521980286, "loss_ce_1": 0.7194989919662476, "loss_ce_2": 0.7032547891139984, "loss_ce_3": 0.7400471866130829, "loss_ce_4": 0.7486370503902435, "loss_dice": 0.3830842971801758, "loss_dice_0": 0.32550087571144104, "loss_dice_1": 0.2972416579723358, "loss_dice_2": 0.2692192792892456, "loss_dice_3": 0.33542171120643616, "loss_dice_4": 0.36643506586551666, "loss_mask": 0.42880068719387054, "loss_mask_0": 0.46463626623153687, "loss_mask_1": 0.4818677008152008, "loss_mask_2": 0.43660250306129456, "loss_mask_3": 0.41530629992485046, "loss_mask_4": 0.44110795855522156, "lr": 4.8907708059373115e-08, "rank_data_time": 0.0013115119654685259, "time": 0.22238570032641292, "total_loss": 10.411904513835907}
{"data_time": 0.0015154259745031595, "eta_seconds": 199.52101826202124, "iteration": 99, "loss_ce": 1.212586224079132, "loss_ce_0": 1.5401422381401062, "loss_ce_1": 1.4962369799613953, "loss_ce_2": 1.3273101449012756, "loss_ce_3": 1.3236227631568909, "loss_ce_4": 1.2925714254379272, "loss_dice": 0.41682417690753937, "loss_dice_0": 0.3816804885864258, "loss_dice_1": 0.41214965283870697, "loss_dice_2": 0.43205730617046356, "loss_dice_3": 0.4521665573120117, "loss_dice_4": 0.4080122113227844, "loss_mask": 0.5357871651649475, "loss_mask_0": 0.6087647080421448, "loss_mask_1": 0.5324195921421051, "loss_mask_2": 0.46876461803913116, "loss_mask_3": 0.5110858380794525, "loss_mask_4": 0.5419033467769623, "lr": 6.009002619078441e-08, "rank_data_time": 0.0015154259745031595, "time": 0.2512686343397945, "total_loss": 13.362049505114555}
{"data_time": 0.0013997971545904875, "eta_seconds": 195.08721785619855, "iteration": 119, "loss_ce": 0.685916543006897, "loss_ce_0": 0.6653062105178833, "loss_ce_1": 0.7319147884845734, "loss_ce_2": 0.703993558883667, "loss_ce_3": 0.6846728622913361, "loss_ce_4": 0.6883847713470459, "loss_dice": 0.258856862783432, "loss_dice_0": 0.31239303946495056, "loss_dice_1": 0.2528083324432373, "loss_dice_2": 0.26195287704467773, "loss_dice_3": 0.2643348276615143, "loss_dice_4": 0.2627009153366089, "loss_mask": 0.30668939650058746, "loss_mask_0": 0.3782994747161865, "loss_mask_1": 0.3457825481891632, "loss_mask_2": 0.2880362272262573, "loss_mask_3": 0.29060399532318115, "loss_mask_4": 0.33234213292598724, "lr": 7.078464525409076e-08, "rank_data_time": 0.0013997971545904875, "time": 0.20503930118866265, "total_loss": 10.735518865287304}
{"data_time": 0.0013208878226578236, "eta_seconds": 190.4753768723458, "iteration": 139, "loss_ce": 1.192820429801941, "loss_ce_0": 1.2196393609046936, "loss_ce_1": 1.2862605452537537, "loss_ce_2": 1.1214868426322937, "loss_ce_3": 1.179568350315094, "loss_ce_4": 1.1932648420333862, "loss_dice": 0.44667765498161316, "loss_dice_0": 0.4368339627981186, "loss_dice_1": 0.4278064966201782, "loss_dice_2": 0.4030722975730896, "loss_dice_3": 0.4373098909854889, "loss_dice_4": 0.4378443658351898, "loss_mask": 0.3602062612771988, "loss_mask_0": 0.4268723726272583, "loss_mask_1": 0.3718387931585312, "loss_mask_2": 0.34934405982494354, "loss_mask_3": 0.3572723716497421, "loss_mask_4": 0.37940414249897003, "lr": 8.098985656534958e-08, "rank_data_time": 0.0013208878226578236, "time": 0.2006458721589297, "total_loss": 13.089899390935898}
{"data_time": 0.001633265521377325, "eta_seconds": 186.04571694508195, "iteration": 159, "loss_ce": 0.6590975821018219, "loss_ce_0": 0.7067335546016693, "loss_ce_1": 0.6836241483688354, "loss_ce_2": 0.6646348536014557, "loss_ce_3": 0.6564982831478119, "loss_ce_4": 0.6387532353401184, "loss_dice": 0.18808674812316895, "loss_dice_0": 0.21997424960136414, "loss_dice_1": 0.2517251670360565, "loss_dice_2": 0.20678967237472534, "loss_dice_3": 0.18460416793823242, "loss_dice_4": 0.19259559363126755, "loss_mask": 0.45059579610824585, "loss_mask_0": 0.45282161235809326, "loss_mask_1": 0.48980095982551575, "loss_mask_2": 0.36562779545783997, "loss_mask_3": 0.3818402588367462, "loss_mask_4": 0.460874006152153, "lr": 9.070389236603053e-08, "rank_data_time": 0.001633265521377325, "time": 0.21551068406552076, "total_loss": 8.889922991394997}
{"data_time": 0.0015358910895884037, "eta_seconds": 181.6160570178181, "iteration": 179, "loss_ce": 0.9285296201705933, "loss_ce_0": 1.0073190033435822, "loss_ce_1": 0.8950986266136169, "loss_ce_2": 0.9821401536464691, "loss_ce_3": 0.9343832731246948, "loss_ce_4": 0.9411628246307373, "loss_dice": 0.22758278250694275, "loss_dice_0": 0.32192733883857727, "loss_dice_1": 0.286466121673584, "loss_dice_2": 0.2292618751525879, "loss_dice_3": 0.2731569707393646, "loss_dice_4": 0.2474404275417328, "loss_mask": 0.2678655683994293, "loss_mask_0": 0.3605292737483978, "loss_mask_1": 0.3009403496980667, "loss_mask_2": 0.24723628908395767, "loss_mask_3": 0.30960768461227417, "loss_mask_4": 0.28726351261138916, "lr": 9.992492210044912e-08, "rank_data_time": 0.0015358910895884037, "time": 0.2155623473227024, "total_loss": 9.884537747129798}
{"data_time": 0.0015427505131810904, "eta_seconds": 177.03180871903896, "iteration": 199, "loss_ce": 0.801586389541626, "loss_ce_0": 0.8713172972202301, "loss_ce_1": 0.8027330636978149, "loss_ce_2": 0.7588464319705963, "loss_ce_3": 0.7834190130233765, "loss_ce_4": 0.7930867373943329, "loss_dice": 0.24503105878829956, "loss_dice_0": 0.30168692767620087, "loss_dice_1": 0.3281813859939575, "loss_dice_2": 0.278838187456131, "loss_dice_3": 0.27525100111961365,